[{"rt":1635,"stimulus":"<p>In this short experiment, you will have to learn to associate specific images with specific response buttons, by trial and error.<br>The experiment is divived in blocks that correspond to different categories of images.</p>","response":0,"trial_type":"html-button-response","trial_index":0,"time_elapsed":1635,"internal_node_id":"0.0-0.0"},{"rt":607,"stimulus":"You are going to start a new block with images of vegetables","response":0,"trial_type":"html-button-response","trial_index":1,"time_elapsed":2242,"internal_node_id":"0.0-1.0-0.0"},{"rt":null,"stimulus":"<p style='font-size: 3rem;'>+</p>","response":null,"trial_type":"html-keyboard-response","trial_index":2,"time_elapsed":2753,"internal_node_id":"0.0-1.0-1.0-0.0"},{"rt":863,"stimulus":"./img/vegetables/pumpkin.jpg","response":1,"trial_type":"image-button-response","trial_index":3,"time_elapsed":3618,"internal_node_id":"0.0-1.0-1.0-1.0","accuracy":0},{"rt":null,"stimulus":"img/thumbsDown.png","response":null,"trial_type":"image-keyboard-response","trial_index":4,"time_elapsed":4123,"internal_node_id":"0.0-1.0-1.0-2.0"},{"rt":1183,"stimulus":"You are going to start a new block with images of fruits","response":0,"trial_type":"html-button-response","trial_index":5,"time_elapsed":5307,"internal_node_id":"0.0-1.1-0.1"},{"rt":null,"stimulus":"<p style='font-size: 3rem;'>+</p>","response":null,"trial_type":"html-keyboard-response","trial_index":6,"time_elapsed":5814,"internal_node_id":"0.0-1.1-1.1-0.1"},{"rt":627,"stimulus":"./img/fruits/blueberry.jpg","response":0,"trial_type":"image-button-response","trial_index":7,"time_elapsed":6442,"internal_node_id":"0.0-1.1-1.1-1.1","accuracy":0},{"rt":null,"stimulus":"img/thumbsDown.png","response":null,"trial_type":"image-keyboard-response","trial_index":8,"time_elapsed":6944,"internal_node_id":"0.0-1.1-1.1-2.1"},{"rt":null,"stimulus":"<p style='font-size: 3rem;'>+</p>","response":null,"trial_type":"html-keyboard-response","trial_index":9,"time_elapsed":7455,"internal_node_id":"0.0-1.1-1.2-0.2"},{"rt":739,"stimulus":"./img/fruits/grapefruit.jpg","response":0,"trial_type":"image-button-response","trial_index":10,"time_elapsed":8195,"internal_node_id":"0.0-1.1-1.2-1.2","accuracy":1},{"rt":null,"stimulus":"img/thumbsUp.png","response":null,"trial_type":"image-keyboard-response","trial_index":11,"time_elapsed":8697,"internal_node_id":"0.0-1.1-1.2-2.2"},{"rt":504,"stimulus":"<p>Thanks for participating</p>","response":0,"trial_type":"html-button-response","trial_index":12,"time_elapsed":9202,"internal_node_id":"0.0-2.0"},{"trials":[],"trial_tag":"interaction"},{"completedTask":"RLWM_expNOW","basename":"expNOWdata","starting_time":"2023-11-18T15:39:54.873Z"}]