[{"rt":5304,"stimulus":"<p>In this short experiment, you will have to learn to associate specific images with specific response buttons, by trial and error.<br>The experiment is divived in blocks that correspond to different categories of images.</p>","response":0,"trial_type":"html-button-response","trial_index":0,"time_elapsed":5322,"internal_node_id":"0.0-0.0"},{"rt":5945,"stimulus":"You are going to start a new block with images of fruits","response":0,"trial_type":"html-button-response","trial_index":1,"time_elapsed":11268,"internal_node_id":"0.0-1.0-0.0"},{"rt":null,"stimulus":"<p style='font-size: 3rem;'>+</p>","response":null,"trial_type":"html-keyboard-response","trial_index":2,"time_elapsed":11775,"internal_node_id":"0.0-1.0-1.0-0.0"},{"rt":1509,"stimulus":"./img/fruits/grapefruit.jpg","response":0,"trial_type":"image-button-response","trial_index":3,"time_elapsed":13289,"internal_node_id":"0.0-1.0-1.0-1.0","accuracy":1},{"rt":null,"stimulus":"img/thumbsUp.png","response":null,"trial_type":"image-keyboard-response","trial_index":4,"time_elapsed":13857,"internal_node_id":"0.0-1.0-1.0-2.0"},{"rt":null,"stimulus":"<p style='font-size: 3rem;'>+</p>","response":null,"trial_type":"html-keyboard-response","trial_index":5,"time_elapsed":14369,"internal_node_id":"0.0-1.0-1.1-0.1"},{"rt":1232,"stimulus":"./img/fruits/banana.jpg","response":1,"trial_type":"image-button-response","trial_index":6,"time_elapsed":15603,"internal_node_id":"0.0-1.0-1.1-1.1","accuracy":1},{"rt":null,"stimulus":"img/thumbsUp.png","response":null,"trial_type":"image-keyboard-response","trial_index":7,"time_elapsed":16113,"internal_node_id":"0.0-1.0-1.1-2.1"},{"rt":1294,"stimulus":"You are going to start a new block with images of vegetables","response":0,"trial_type":"html-button-response","trial_index":8,"time_elapsed":17409,"internal_node_id":"0.0-1.1-0.1"},{"rt":null,"stimulus":"<p style='font-size: 3rem;'>+</p>","response":null,"trial_type":"html-keyboard-response","trial_index":9,"time_elapsed":17935,"internal_node_id":"0.0-1.1-1.2-0.2"},{"rt":1431,"stimulus":"./img/vegetables/eggplant.jpg","response":1,"trial_type":"image-button-response","trial_index":10,"time_elapsed":19370,"internal_node_id":"0.0-1.1-1.2-1.2","accuracy":0},{"rt":null,"stimulus":"img/thumbsDown.png","response":null,"trial_type":"image-keyboard-response","trial_index":11,"time_elapsed":19879,"internal_node_id":"0.0-1.1-1.2-2.2"},{"rt":9668,"response":{"Meat":2,"Fruit":2,"Vegetables":2},"question_order":[2,1,0],"trial_type":"survey-likert","trial_index":12,"time_elapsed":29550,"internal_node_id":"0.0-2.0"},{"rt":1735,"stimulus":"<p>Thanks for participating</p>","response":0,"trial_type":"html-button-response","trial_index":13,"time_elapsed":31288,"internal_node_id":"0.0-3.0"},{"trials":[],"trial_tag":"interaction"},{"completedTask":"RLWM_expNOW","basename":"expNOWdata","starting_time":"2023-11-18T20:08:24.253Z"}]